Model,Accuracy,Precision,Recall,F1-Score,AUC-Score
Gradient Boosting,0.717948717948718,0.5238095238095238,0.38596491228070173,0.4444444444444444,0.6519196542079838
Random Forest,0.6512820512820513,0.4098360655737705,0.43859649122807015,0.423728813559322,0.6256038647342995
XGBoost,0.6564102564102564,0.38095238095238093,0.2807017543859649,0.32323232323232326,0.6195016526824306
